CSV Report,LLM_UV_04_02.csv
Worksheet Type,Scan

METHOD
X mode,nm
Y mode,Abs
Collect mode,Scan
Scan range start (nm),800.00
Scan range stop (nm),200.00
Data Interval (nm),1.00
Scan rate (nm/min),3000
Averaging Time (s),.02
Spectral Bandwidth (nm),2
Detector module,Multicell Peltier UV-Vis
Baseline,Off
Experiment Zones,1
Experimental temperature (°C),25°C


SAMPLES
Name,Sample 1,,Sample 2,,Sample 3,,Sample 4,
Collection Time,2025-03-04 13:34:34 (+00:00),,2025-03-04 13:34:34 (+00:00),,2025-03-04 13:34:34 (+00:00),,2025-03-04 13:34:34 (+00:00),
Cell Number,Cell 1,,Cell 2,,Cell 3,,Cell 4,
Module Serial Number,MY2052ZC03,,MY2052ZC03,,MY2052ZC03,,MY2052ZC03,
Temperatures (°C),25.0,,25.0,,25.0,,25.0,
Instrument Serial Number,MY2105ZA05,,MY2105ZA05,,MY2105ZA05,,MY2105ZA05,
Instrument Name,MY2105ZA05,,MY2105ZA05,,MY2105ZA05,,MY2105ZA05,
,Wavelength (nm),Abs,Wavelength (nm),Abs,Wavelength (nm),Abs,Wavelength (nm),Abs
,800,-0.0417982559260327,800,-0.0398189449000031,800,-0.0442994467120242,800,-0.045817847267333
,799,-0.0415341971620463,799,-0.0394665612179835,799,-0.0443731674708289,799,-0.0456075901145529
,798,-0.0414751923743033,798,-0.0397995776032754,798,-0.0446612923055234,798,-0.0454067442312046
,797,-0.0418021116690398,797,-0.0400454781277518,797,-0.0451492571277811,797,-0.0458055012008664
,796,-0.0411349350518843,796,-0.0396120480609405,796,-0.0445986930430736,796,-0.0456457627053024
,795,-0.0418368588330403,795,-0.040377909539465,795,-0.0454047390338408,795,-0.0458684857621687
,794,-0.0417745564610861,794,-0.0402215889819416,794,-0.045473749805175,794,-0.0461466359499658
,793,-0.041516694185727,793,-0.0402790656219046,793,-0.0453912620020367,793,-0.0456548509228757
,792,-0.0413893058495767,792,-0.0400917430541852,792,-0.0457507549794862,792,-0.0460195741977507
,791,-0.0417823623800723,791,-0.0403155390515465,791,-0.0461204258139357,791,-0.0462664003319409
,790,-0.0415603562095099,790,-0.0395700329870841,790,-0.0458270250591246,790,-0.0457255461009601
,789,-0.0418355423470501,789,-0.040406072399131,789,-0.0465676899710806,789,-0.046411441834505
,788,-0.0420346625178964,788,-0.0402908148360067,788,-0.0466628812073716,788,-0.0464884332795639
,787,-0.0418833094269603,787,-0.0403941847816153,787,-0.0471338799656646,787,-0.0465046206806617
,786,-0.0417461530176009,786,-0.040637061569864,786,-0.0472951615091748,786,-0.0461603688710555
,785,-0.0418207786236993,785,-0.0403848442824332,785,-0.0471526907172801,785,-0.046193372658036
,784,-0.041845745009094,784,-0.0404868241081568,784,-0.0476393040194623,784,-0.0467325291863497
,783,-0.0412722845979757,783,-0.0403686630432529,783,-0.0476371235296837,783,-0.0462517864711613
,782,-0.0418003248655609,782,-0.0407974272658423,782,-0.0477320806751568,782,-0.0466790156117452
,781,-0.0422641297436724,781,-0.041016196515986,781,-0.0479936504982171,781,-0.0468880112372512
,780,-0.0413431789521597,780,-0.0404778157538646,780,-0.0476121167046173,780,-0.046122427709604
,779,-0.0411410571426937,779,-0.0406235300676814,779,-0.0477419602213007,779,-0.0463046081347548
,778,-0.0410360748839859,778,-0.0404415446251505,778,-0.0479597633454151,778,-0.046457126622555
,777,-0.0412965763971525,777,-0.0404165917258007,777,-0.0483318208454344,777,-0.0465640158315145
,776,-0.0415990743535188,776,-0.0404909744912366,776,-0.0481584128497952,776,-0.046359331117718
,775,-0.0410100255579141,775,-0.0404165917258007,775,-0.0481383480917594,775,-0.046341788871546
,774,-0.0411537719786274,774,-0.0405237988509925,774,-0.048131118991036,774,-0.046615357951496
,773,-0.0410430933321278,773,-0.0406088193849079,773,-0.0482330567315322,773,-0.0466833862117684
,772,-0.0410070107068198,772,-0.0406763806854326,772,-0.0485548839283342,772,-0.0464065567204165
,771,-0.0413335293386771,771,-0.0408813575971362,771,-0.048367114766856,771,-0.0465996862269461
,770,-0.0408337158116071,770,-0.0405577996306983,770,-0.0481238897699777,770,-0.0463353208619373
,769,-0.0404637604613975,769,-0.0406916547774795,769,-0.0486711628569072,769,-0.046416373417753
,768,-0.0413113108768577,768,-0.0409608902975944,768,-0.0490541724149011,768,-0.0470440415841614
,767,-0.0406444164952344,767,-0.0403419603214931,767,-0.0483067613463864,767,-0.0462853883081878
,766,-0.0406012281004875,766,-0.0405396913636783,766,-0.0483905498282456,766,-0.0463962745388371
,765,-0.0404630058019548,765,-0.0403065743268869,765,-0.0483165351862244,765,-0.0460937019507634
,764,-0.0407769252534503,764,-0.0407632567074739,764,-0.0490689234856549,764,-0.0466685538904903
,763,-0.0405515749990729,763,-0.0402609929170704,763,-0.0487834776253085,763,-0.0463491408805981
,762,-0.0404957379502045,762,-0.0403400259616195,762,-0.0487333167281156,762,-0.0460217162575833
,761,-0.040378192592366,761,-0.0406942946895595,761,-0.0488379817000565,761,-0.0466224263187598
,760,-0.0400482163932686,760,-0.0404155067846102,760,-0.0486378839710683,760,-0.0464452174056751
,759,-0.0402060623777041,759,-0.0403786643467911,759,-0.0484042119781461,759,-0.0462334020943718
,758,-0.0401343213148316,758,-0.0404567798115157,758,-0.0485487728688116,758,-0.046091793040468
,757,-0.0399144461081948,757,-0.0404850790488812,757,-0.0485428006139234,757,-0.0460171992929774
,756,-0.0394861797332699,756,-0.0403749374728662,756,-0.048721053265826,756,-0.0460437881718441
,755,-0.0395924824917425,755,-0.0403707859807124,755,-0.0485115491037345,755,-0.0457276430135647
,754,-0.0395028193215035,754,-0.0401929422003827,754,-0.0486221924851656,754,-0.0456325261918119
,753,-0.0394969577211102,753,-0.0405075756269309,753,-0.0486033064051809,753,-0.0459653206817539
,752,-0.0394572007465914,752,-0.0403601240122107,752,-0.0485919651046305,752,-0.0459997829278041
,751,-0.0392657395741205,751,-0.0403500279246509,751,-0.0483842512008342,751,-0.0457409698214683
,750,-0.0388816170574915,750,-0.0404495160431932,750,-0.04814418689296,750,-0.0456727471645664
,749,-0.0390969056815084,749,-0.0403793719774679,749,-0.0484363973781412,749,-0.045743532622259
,748,-0.0387744298864252,748,-0.040450082055479,748,-0.0485697908491767,748,-0.0458915436538781
,747,-0.0387491442504731,747,-0.0405822257322323,747,-0.0482648842059342,747,-0.0460157091500182
,746,-0.0387362167555005,746,-0.0404932854828055,746,-0.0484445475469932,746,-0.0458440290846561
,745,-0.038678867073787,745,-0.0402239957918722,745,-0.0481155018690916,745,-0.0454679682425107
,744,-0.0390676167992122,744,-0.0406856677745493,744,-0.0485276149757798,744,-0.0459400776799501
,743,-0.0384862095200365,743,-0.0403003932773685,743,-0.0479311124995596,743,-0.0454079100393693
,742,-0.0380894457335273,742,-0.0402308386099815,742,-0.0475885468018191,742,-0.0455641466497493
,741,-0.0383940902429968,741,-0.0404753631852564,741,-0.0477230822075103,741,-0.0457891479460907
,740,-0.0383636638435886,740,-0.0404921064070109,740,-0.0479914254311265,740,-0.0456481396421104
,739,-0.0381039100385785,739,-0.0401519272913588,739,-0.0475060884745522,739,-0.0454081898328631
,738,-0.0381656506057245,738,-0.0401892609283439,738,-0.0471174837570813,738,-0.04543239128795
,737,-0.0381127306569983,737,-0.0403905995632607,737,-0.046814018948916,737,-0.0453461178938338
,736,-0.0382150557050332,736,-0.0407342685398406,736,-0.0464561497069036,736,-0.0455930006802345
,735,-0.0378672039689495,735,-0.040485314868112,735,-0.045363373943781,735,-0.0451987606141353
,734,-0.0376855786128493,734,-0.0403459705523218,734,-0.0446743716088088,734,-0.0449550145882415
,733,-0.0377226027480265,733,-0.0404087140477239,733,-0.0437369433102165,733,-0.044833113602552
,732,-0.0379310656484261,732,-0.0404585721512455,732,-0.0433149619844248,732,-0.044910758822308
,731,-0.0376458453567145,731,-0.040245090202272,731,-0.0425876867009571,731,-0.0444159356689588
,730,-0.0378885555011145,730,-0.0404065912956584,730,-0.0421803253028042,730,-0.0445225340135416
,729,-0.0377903772177122,729,-0.0404146105267998,729,-0.0418931348775267,729,-0.0444946835734736
,728,-0.0375470898600642,728,-0.0399300303655932,728,-0.0415791746936287,728,-0.0441734333092728
,727,-0.0377752380400198,727,-0.0400805549472668,727,-0.0415685893966478,727,-0.0443460086471671
,726,-0.037813820545557,726,-0.0404196106783277,726,-0.0418692995484056,726,-0.0444535588527393
,725,-0.0376908001564262,725,-0.040036271763636,725,-0.041539137390615,725,-0.0445601946875572
,724,-0.0378394928597557,724,-0.0400463279361391,724,-0.0416433866321697,724,-0.0444416413025009
,723,-0.0376563368086086,723,-0.0398723185892194,723,-0.0414639457356209,723,-0.0441640802077171
,722,-0.0379508485280726,722,-0.0397880512899006,722,-0.0416876473565367,722,-0.0444983285312995
,721,-0.0377508908574907,721,-0.0395931914045672,721,-0.0414071904713252,721,-0.0441402288869818
,720,-0.037466122088279,720,-0.0393103378495046,720,-0.0411157205448693,720,-0.0439045916366401
,719,-0.0374543911943574,719,-0.0393018252767925,719,-0.0409133514711779,719,-0.043859620310702
,718,-0.036973389250384,718,-0.0387347961281903,718,-0.0405579882545063,718,-0.0435041315103452
,717,-0.0372042625359751,717,-0.0388902325453395,717,-0.0403292688763652,717,-0.0436580578769732
,716,-0.0371250844983261,716,-0.0385326882197058,716,-0.0402969960218498,716,-0.0435862760680616
,715,-0.037186346560608,715,-0.0383850383749596,715,-0.0401961042937592,715,-0.0434102129093074
,714,-0.0371584493928384,714,-0.0385134056116693,714,-0.0400230520276925,714,-0.0435127026206392
,713,-0.0371590672370823,713,-0.0381244912028891,713,-0.0397358483767803,713,-0.0431948495110613
,712,-0.0368654446680809,712,-0.0380238523639213,712,-0.039468877667136,712,-0.0431005358303912
,711,-0.0372567231043222,711,-0.038049322549495,711,-0.0394186221292731,711,-0.0433634568267025
,710,-0.0370855376001107,710,-0.0380068239765414,710,-0.0392032564508102,710,-0.0431028798579183
,709,-0.0370493148052761,709,-0.0374795148672309,709,-0.0391149322667983,709,-0.0429916183609275
,708,-0.0370164644879834,708,-0.0375313723707534,708,-0.0389882098604785,708,-0.0429292938419203
,707,-0.037327658341888,707,-0.0374773302577196,707,-0.0389264914615305,707,-0.0431378043695253
,706,-0.0372076840705596,706,-0.0371563582211828,706,-0.0386717629527024,706,-0.0429068754620961
,705,-0.0373045213293271,705,-0.0372211798607851,705,-0.0388504673292324,705,-0.0430093433399548
,704,-0.0373295586577518,704,-0.0370107594039585,704,-0.0387493810141919,704,-0.0429494131179799
,703,-0.0371751308789156,703,-0.0369221783595921,703,-0.0384850723641291,703,-0.0427855241047056
,702,-0.0373585849490503,702,-0.0368759549891942,702,-0.0384818030243096,702,-0.0428055093044576
,701,-0.0373470411735658,701,-0.0366598002053209,701,-0.0383952750285149,701,-0.0425670812773478
,700,-0.0372828084736258,700,-0.0364583902324579,700,-0.0381444549488007,700,-0.0426460712475772
,699,-0.0373299862276752,699,-0.0363396040398065,699,-0.0383102466125988,699,-0.0428636769523526
,698,-0.0373859467468086,698,-0.0360403759607934,698,-0.0383537582162313,698,-0.0427548877290358
,697,-0.0374128318342214,697,-0.0358756220285065,697,-0.03826545070185,697,-0.0426779353861355
,696,-0.0373597725628654,696,-0.0356016881277647,696,-0.0380085790222575,696,-0.0425050713600752
,695,-0.0374769028328342,695,-0.0355359564366272,695,-0.0380639779010291,695,-0.0425455360645518
,694,-0.0372625675035831,694,-0.0351830390296134,694,-0.0377651291416384,694,-0.0423613489376775
,693,-0.0375388275649983,693,-0.0354374833880701,693,-0.0381509512667896,693,-0.0426774661227059
,692,-0.0373828116282609,692,-0.0349223785277667,692,-0.0379479072456834,692,-0.0425146010904371
,691,-0.0374869709517185,691,-0.0347201132059945,691,-0.0378121121676539,691,-0.0424582646732398
,690,-0.0372195166698584,690,-0.0345970259547105,690,-0.037599746426744,690,-0.0423394647756883
,689,-0.0372746361767368,689,-0.0344617092300335,689,-0.0378545348969891,689,-0.0423008125855359
,688,-0.0372848990365007,688,-0.0342072187311205,688,-0.037719849779931,688,-0.0424539921968158
,687,-0.0372756814791018,687,-0.0339974868620198,687,-0.0375812769964005,687,-0.0424303754424705
,686,-0.0371553601584338,686,-0.0338316686140077,686,-0.037531419856472,686,-0.0423653405650487
,685,-0.0372050228793234,685,-0.0336954903826343,685,-0.0374818894303227,685,-0.0422521049880518
,684,-0.0371830674293976,684,-0.0336065658985897,684,-0.0375185510367646,684,-0.0422886949087827
,683,-0.0372056881786612,683,-0.0335333428493398,683,-0.0373996744993889,683,-0.0422432271227975
,682,-0.0370673790438648,682,-0.0334198418944019,682,-0.0373501765503457,682,-0.0421785870350297
,681,-0.0370616746286411,681,-0.0332203285090561,681,-0.0373033335644132,681,-0.0421191058968923
,680,-0.037010806946635,680,-0.033083190826904,680,-0.0374226164529458,680,-0.0422158877946255
,679,-0.0369933584347919,679,-0.0330953762003652,679,-0.0373632403766188,679,-0.0422464682692412
,678,-0.0368324377526713,678,-0.0327710519863393,678,-0.0371776021556931,678,-0.0419199774394121
,677,-0.0369663047238299,677,-0.0328499237379704,677,-0.0373315539804598,677,-0.0420442965656025
,676,-0.0368754794145476,676,-0.0328654755758951,676,-0.0372842813712442,676,-0.0421034590309365
,675,-0.0366873012187832,675,-0.0326372300723791,675,-0.0370123283095364,675,-0.0417456357191215
,674,-0.0366394825941559,674,-0.0326998006711507,674,-0.0371382026258822,674,-0.0419466303207629
,673,-0.036696769157806,673,-0.0326808815790378,673,-0.0371991301835551,673,-0.0419507197715725
,672,-0.0366041743201899,672,-0.0328221786441206,672,-0.0371205215784678,672,-0.0419746446374114
,671,-0.0366395301774938,671,-0.0327488232146935,671,-0.0369273615377763,671,-0.0419717304806307
,670,-0.0364115937794302,670,-0.0326908214078527,670,-0.0369125726731706,670,-0.041813631672876
,669,-0.0366235418825109,669,-0.0328885623082619,669,-0.0370754126349074,669,-0.0419717774833146
,668,-0.036501754569917,668,-0.0328546757475326,668,-0.0370101413486898,668,-0.0418766806481353
,667,-0.0365286944474825,667,-0.0329185108350766,667,-0.036887035731032,667,-0.0418521861976489
,666,-0.0363985489050136,666,-0.0330393878225295,666,-0.0369150929975927,666,-0.0417970803878188
,665,-0.0363756004012683,665,-0.0330362211690495,665,-0.0368737673415079,665,-0.0416815800001193
,664,-0.0362758888798686,664,-0.0330639046157919,664,-0.0367780231822784,664,-0.0416395765183609
,663,-0.0363107952784557,663,-0.0332415740202851,663,-0.0368449939930702,663,-0.0417130446726637
,662,-0.0362132122336883,662,-0.033387578818876,662,-0.0367174646877165,662,-0.041643198479186
,661,-0.0362902708464113,661,-0.0335732145223038,661,-0.0368945971050198,661,-0.0417494449025789
,660,-0.0361349966197076,660,-0.0334976373432159,660,-0.0367528113236445,660,-0.0416411758294624
,659,-0.036373933968917,659,-0.0336789621552173,659,-0.0367805918555302,659,-0.0419189432558478
,658,-0.0361144162367705,658,-0.0337524001625505,658,-0.0366860641863786,658,-0.0417058018857442
,657,-0.0360640092350511,657,-0.0339839862709502,657,-0.0367119935515681,657,-0.0417969863446242
,656,-0.0359244780644101,656,-0.0338842508186636,656,-0.0365131780436238,656,-0.0416224070723019
,655,-0.0359942969074295,655,-0.0340285079067129,655,-0.0365498263267471,655,-0.0416717027269624
,654,-0.0358002537939272,654,-0.0339937526979663,654,-0.0362771270811554,654,-0.0414169796365994
,653,-0.0358895406005314,653,-0.0341651081805546,653,-0.0362633637991563,653,-0.0416238182852518
,652,-0.0358209444156796,652,-0.0342004717471487,652,-0.0363644589891564,652,-0.0416023203108336
,651,-0.0358355798132445,651,-0.0343601700938263,651,-0.0365689583575638,651,-0.0417367945225793
,650,-0.0358401085822761,650,-0.0344121622452346,650,-0.0364595803104787,650,-0.0416462559550717
,649,-0.0356855793682079,649,-0.0344133579436663,649,-0.0364562480838023,649,-0.0414545340986564
,648,-0.0356561072030161,648,-0.0344934144213023,648,-0.0363048904368371,648,-0.0414862034454939
,647,-0.0356044545555204,647,-0.0344321060645897,647,-0.0362978426175488,647,-0.0414755688257907
,646,-0.0354211167593314,646,-0.0344639568839217,646,-0.0362183562505354,646,-0.0414266273960939
,645,-0.0354367199438842,645,-0.0346119416849822,645,-0.0363313187405766,645,-0.041452369393304
,644,-0.0353801259065678,644,-0.0346083084132641,644,-0.0362844609702449,644,-0.0416794164261658
,643,-0.0351830867727941,643,-0.0346590758498953,643,-0.0362494572027146,643,-0.041555416222307
,642,-0.0350556892900921,642,-0.0345342021605041,642,-0.0362685072220192,642,-0.0413707615429728
,641,-0.0348842549206284,641,-0.0345975996461167,641,-0.0361633406894558,641,-0.0414525576289804
,640,-0.034924767113547,640,-0.0345733605238016,640,-0.0362289298716054,640,-0.0414343454493799
,639,-0.0348135884074559,639,-0.0345529928780233,639,-0.0362113070268014,639,-0.041463333985416
,638,-0.0344678304728987,638,-0.034532193944132,638,-0.0361165600721642,638,-0.0412597615505707
,637,-0.0344868631612455,637,-0.0346915791902933,637,-0.0361719150015706,637,-0.0413952831603658
,636,-0.034342279910613,636,-0.0347281425407531,636,-0.0359797145133096,636,-0.0413472270188553
,635,-0.0340624466040493,635,-0.0345271733625742,635,-0.0358432548571705,635,-0.0411629075938849
,634,-0.0339751292722355,634,-0.0344677348291424,634,-0.0359352018244933,634,-0.0413291987107288
,633,-0.0337872704843208,633,-0.0344994873989278,633,-0.0359808105926312,633,-0.0412790638414058
,632,-0.0336504075614638,632,-0.0346343143199147,632,-0.0359118951816171,632,-0.041244130774241
,631,-0.033483402249176,631,-0.0346372781295413,631,-0.0359488801919583,631,-0.0411672398803375
,630,-0.0333651898080039,630,-0.0346428710700287,630,-0.0358447326450869,630,-0.0411503343004438
,629,-0.0329531122504569,629,-0.0345621249687882,629,-0.0357692160129169,629,-0.0409741757389387
,628,-0.0328139699807298,628,-0.0345155540798056,628,-0.0357634945208276,628,-0.0410661733349544
,627,-0.0325470799069761,627,-0.034268989434812,627,-0.0355021326986306,627,-0.0408388996420576
,626,-0.0324903962736606,626,-0.0343689714108237,626,-0.0356400349692384,626,-0.0411045116898467
,625,-0.0321460523925909,625,-0.0343354871881296,625,-0.0355122467017268,625,-0.0408490786199948
,624,-0.0321688889455271,624,-0.0344865284226765,624,-0.0354508434440826,624,-0.0409215969330064
,623,-0.0318900084999894,623,-0.0344337321389762,623,-0.035423645753916,623,-0.0408598228378887
,622,-0.0315101853975526,622,-0.0343407970013897,622,-0.0352116362548324,622,-0.0406316867379375
,621,-0.0312838758791123,621,-0.0341607533338437,621,-0.0351715327700267,621,-0.0404939457638522
,620,-0.0312593547435663,620,-0.0342623390994404,620,-0.0352293951864587,620,-0.0406271605120894
,619,-0.0310516162661364,619,-0.0341763540112816,619,-0.0353471490829922,619,-0.0406375801904784
,618,-0.0307464542591428,618,-0.0341055243464407,618,-0.0352033771494519,618,-0.0405202147024818
,617,-0.0306054933646701,617,-0.0341440992315198,617,-0.0353649024742799,617,-0.0406165048358253
,616,-0.0304391952455761,616,-0.0340020348389753,616,-0.0353562644901381,616,-0.0406274434025869
,615,-0.030366691340249,615,-0.0341110284167758,615,-0.0354492688874171,615,-0.0406662919473326
,614,-0.030127661331076,614,-0.0340323375116583,614,-0.0353501080319389,614,-0.0404780987416589
,613,-0.0299715206138957,613,-0.0338570506187521,613,-0.035271689072485,613,-0.0404632887993995
,612,-0.0298258127273884,612,-0.0339736929851529,612,-0.0354193035088664,612,-0.0405034254024995
,611,-0.0296555407878149,611,-0.0338019266794652,611,-0.0353339767430493,611,-0.0403196438900198
,610,-0.0295678648315034,610,-0.0337304610801974,610,-0.0352832404110293,610,-0.0404698920207581
,609,-0.0293658477741208,609,-0.0335352598404593,609,-0.0352879181384104,609,-0.0404592324850708
,608,-0.0292841628617734,608,-0.0335166167428233,608,-0.0353689589268843,608,-0.0402940705860804
,607,-0.029199267828277,607,-0.0334760688368142,607,-0.0353324972161418,607,-0.0403235599641247
,606,-0.0290976526956437,606,-0.0333697444112277,606,-0.0351505724514791,606,-0.0402111121244903
,605,-0.0290613869418532,605,-0.0332405189629885,605,-0.0351594055108685,605,-0.0402810474393401
,604,-0.0291218604586371,604,-0.0331566337052008,604,-0.0352879181384104,604,-0.0403523868446261
,603,-0.0290496689214714,603,-0.0329973078297719,603,-0.0352213751137121,603,-0.0403027524669546
,602,-0.0290220673760873,602,-0.032987902849757,602,-0.0352914025352472,602,-0.0403900806476259
,601,-0.0288319564590628,601,-0.0327820939337417,601,-0.0351009129898015,601,-0.0401986056348968
,600,-0.0287401890833864,600,-0.03255812755027,600,-0.0351038736168818,600,-0.0400332501451831
,599,-0.0287736229492423,599,-0.0325856013403317,599,-0.0350012904493348,599,-0.0401823230616045
,598,-0.0287860267434291,598,-0.0323528356483679,598,-0.0349725838369108,598,-0.0401642935291102
,597,-0.0288424692234728,597,-0.0322177310995385,597,-0.0349164547783419,597,-0.0401798688237032
,596,-0.0289749470004536,596,-0.0321248013004906,596,-0.0348757984790927,596,-0.0401641991316824
,595,-0.0290309775403716,595,-0.0319942429299328,595,-0.0348917079190278,595,-0.0402748660264998
,594,-0.0289891369218392,594,-0.0316922936008725,594,-0.0347075909709807,594,-0.0401178947199356
,593,-0.0289110623972777,593,-0.0315072483192216,593,-0.0345745079683806,593,-0.039892013240708
,592,-0.0291301392039388,592,-0.0314495138453182,592,-0.034665433312253,592,-0.0400821128022112
,591,-0.029207157860967,591,-0.0314237499479122,591,-0.0346704522957456,591,-0.0400069989501851
,590,-0.0291798567696488,590,-0.0310669434459041,590,-0.0345235871973554,590,-0.0400252710829016
,589,-0.0291330924023781,589,-0.0307418720611246,589,-0.0344830375622243,589,-0.0398396338872595
,588,-0.0292668367170435,588,-0.0306815754783334,588,-0.0344902583521517,588,-0.039867217670558
,587,-0.029327475199729,587,-0.0305482179457958,587,-0.0344706997757922,587,-0.0397330136498447
,586,-0.0293753315196586,586,-0.0303594499392191,586,-0.0344333495337859,586,-0.0396949320241648
,585,-0.0295562088347779,585,-0.0302067248057526,585,-0.0343946568433012,585,-0.0397253597946957
,584,-0.029543246612118,584,-0.029991379495326,584,-0.0343793988272922,584,-0.0396873719989906
,583,-0.0297013302934061,583,-0.0299075408158295,583,-0.0343512729290518,583,-0.0398620222288529
,582,-0.0294822996332377,582,-0.0296405989223902,582,-0.0341058115170525,582,-0.0394788997129395
,581,-0.0297026840807048,581,-0.0295128709330321,581,-0.0342094198521518,581,-0.0394835797400181
,580,-0.0296299603877462,580,-0.0292154349804607,580,-0.0341090182426524,580,-0.0394347915257528
,579,-0.029763455113721,579,-0.0291126616676525,579,-0.0340734079015753,579,-0.0394569643684395
,578,-0.0299733567529538,578,-0.029061338520932,578,-0.0342338706855133,578,-0.0395169530164385
,577,-0.0299935537702551,577,-0.0289448705831229,577,-0.0341395527420418,577,-0.0394495420290248
,576,-0.0300211419579061,576,-0.028630178344064,576,-0.0340785773258029,576,-0.039267820613543
,575,-0.0300290170734758,575,-0.0284792195846532,575,-0.0339330919720371,575,-0.0392138995559181
,574,-0.0301729181174472,574,-0.0285075344096047,574,-0.0340997330319071,574,-0.0393777231616445
,573,-0.0301389638945799,573,-0.0284006653715578,573,-0.0339296445413814,573,-0.0392337186876744
,572,-0.0302022334973205,572,-0.0280255428502382,572,-0.0338699805036742,572,-0.0392277115523316
,571,-0.0301776512122356,571,-0.0279334107139156,571,-0.0340020827121636,571,-0.039060708309674
,570,-0.0308146991704572,570,-0.0275004484027145,570,-0.0338456049549733,570,-0.0392007966738569
,569,-0.0308595468767635,569,-0.0274619106470706,569,-0.0338561407234634,569,-0.0390943506718706
,568,-0.0308256462959201,568,-0.0273581381505497,568,-0.0337102933914762,568,-0.0390808656497606
,567,-0.0308987486587151,567,-0.0275355813588384,567,-0.0338257778611959,567,-0.0391824425137003
,566,-0.0309585812107598,566,-0.02737223516751,566,-0.0338470895560036,566,-0.0391296463263948
,565,-0.0307976268910446,565,-0.0273222129936353,565,-0.0338572900645639,565,-0.0391143645117445
,564,-0.0306356479845052,564,-0.0272048400088036,564,-0.0337395625807574,564,-0.0389502521902703
,563,-0.0306574062577164,563,-0.0271050918002727,563,-0.0339476953678542,563,-0.0390464177976097
,562,-0.0305354300684843,562,-0.0271874307090802,562,-0.0337271557512024,562,-0.0389539913100751
,561,-0.0306161562775258,561,-0.0272518610817003,561,-0.0339445832099189,561,-0.0390299973240351
,560,-0.0304354303606985,560,-0.0271536313329223,560,-0.0338915773418397,560,-0.0388431293021397
,559,-0.0303678499532089,559,-0.0270472069088842,559,-0.0336460954630016,559,-0.0387250883838627
,558,-0.0302767445754682,558,-0.0270006501841549,558,-0.0335283107073916,558,-0.0385748037647781
,557,-0.0301710345245602,557,-0.027042682806605,557,-0.0335416337750904,557,-0.038691701557925
,556,-0.0302510075860544,556,-0.0271176892543706,556,-0.0336681346275593,556,-0.0386645639914589
,555,-0.0299778504289537,555,-0.026904261416036,555,-0.0334630792861604,555,-0.0384280212209893
,554,-0.0299176409724014,554,-0.0271450230139647,554,-0.0335269687930247,554,-0.0384782493661562
,553,-0.0299563480098349,553,-0.0269589054287338,553,-0.0334856549719021,553,-0.0384202021664298
,552,-0.0298187073117785,552,-0.0271246444489062,552,-0.0334954805407775,552,-0.0385407895023145
,551,-0.0297560586167288,551,-0.0271075724089298,551,-0.0335490140035854,551,-0.0384324282624352
,550,-0.0296406472787709,550,-0.0270433638572732,550,-0.0334146646232244,550,-0.0383780242322931
,549,-0.0295590624064632,549,-0.027170117975948,549,-0.0333572790678239,549,-0.0382231155046929
,548,-0.0293900889771224,548,-0.0270607302884692,548,-0.033257879125345,548,-0.0381461620198745
,547,-0.0293926049526222,547,-0.0270552334259805,547,-0.0333319637308837,547,-0.038214012661205
,546,-0.0293532185873741,546,-0.0271282922336788,546,-0.0332428688598279,546,-0.0381128255013841
,545,-0.0291028816867038,545,-0.0271030975751959,545,-0.0331797049654424,545,-0.0379501843692743
,544,-0.029008314372376,544,-0.0269684418803286,544,-0.0331911202293277,544,-0.037835459417344
,543,-0.0288798189687971,543,-0.027127805864146,543,-0.0330667352327407,543,-0.0378491729687101
,542,-0.0290421634117289,542,-0.0271793093724553,542,-0.0332192254405883,542,-0.0379603838388501
,541,-0.0288990981251086,541,-0.0269602191360329,541,-0.0331765872991927,541,-0.0378742738147334
,540,-0.0287432903038806,540,-0.0270616058884594,540,-0.0332260356446423,540,-0.0377861060297992
,539,-0.0286976419787615,539,-0.0271206075313753,539,-0.0331938061301666,539,-0.0375342215046818
,538,-0.0285583897934796,538,-0.0271362199802655,538,-0.0330840063940712,538,-0.0374463646106773
,537,-0.0285214002429738,537,-0.0271458984440253,537,-0.0332930289312749,537,-0.0375802324293147
,536,-0.0284990498526841,536,-0.0271636012066033,536,-0.0331807122066782,536,-0.0375623319574634
,535,-0.0282788782543534,535,-0.0271578624780004,535,-0.0330770020614349,535,-0.0372844239094583
,534,-0.0282167347508789,534,-0.0270606816439736,534,-0.0330500871021219,534,-0.0371387254415959
,533,-0.0282268743058158,533,-0.0269973905399905,533,-0.0332066118932674,533,-0.0373230500413869
,532,-0.0281320189788787,532,-0.0269850815137884,532,-0.0331345685675276,532,-0.0370904336253744
,531,-0.0279344787431663,531,-0.0270442881386147,531,-0.0329961562105088,531,-0.0368104634584096
,530,-0.027784200633828,530,-0.0270447259554057,530,-0.0329580550847607,530,-0.0366649865158395
,529,-0.0278680617458034,529,-0.0269963688554403,529,-0.033124782799811,529,-0.0368650641991977
,528,-0.0278493679960075,528,-0.0270534821985388,528,-0.0332491032183997,528,-0.0368252082374577
,527,-0.0274948113152883,527,-0.0268710239832645,527,-0.0329371796249311,527,-0.036287032564365
,526,-0.0275779023493809,526,-0.0268773991492273,526,-0.0330060888262391,526,-0.0361974940269104
,525,-0.0273385473982135,525,-0.0267560602758014,525,-0.0329385233629063,525,-0.0359782371846297
,524,-0.0272137875337984,524,-0.0267425274057021,524,-0.0329380434569639,524,-0.0358260930808286
,523,-0.0268536012966477,523,-0.0265501982432836,523,-0.032707099186892,523,-0.0353385584718223
,522,-0.0269864437947265,522,-0.0267515331395772,522,-0.0329189907626035,522,-0.0353360767080704
,521,-0.0266717893910828,521,-0.0265763989730603,521,-0.0327132452102785,521,-0.0349593523633911
,520,-0.0265556528005812,520,-0.0264899987573131,520,-0.0325569267330904,520,-0.0345374535387517
,519,-0.0264790392151917,519,-0.0263667488626038,519,-0.032666571667518,519,-0.0345093378749627
,518,-0.0264645234847829,518,-0.0264392415744733,518,-0.0326756474714613,518,-0.0342054004053324
,517,-0.0262490198625536,517,-0.0262503357189545,517,-0.0327182868051504,517,-0.0338530757989918
,516,-0.026007809655401,516,-0.0262008665229672,516,-0.0326405437069678,516,-0.0334788488377733
,515,-0.0258480828643574,515,-0.0260916731809564,515,-0.0325230623215437,515,-0.032994236838284
,514,-0.0256211942408027,514,-0.026049548410967,514,-0.0325374730321905,514,-0.0327572251519793
,513,-0.025463375770975,513,-0.0259327088019997,513,-0.0324168886812013,513,-0.0322242205392741
,512,-0.0253816371403633,512,-0.0257959333692788,512,-0.0323086224931288,512,-0.0317330565076911
,511,-0.0251893881867904,511,-0.0257423138421556,511,-0.032292377833686,511,-0.0313653300664319
,510,-0.0250361044140113,510,-0.0256609693094481,510,-0.0323596113972195,510,-0.0308769060359333
,509,-0.0248430667934967,509,-0.0254212388401462,509,-0.0323493275950172,509,-0.0304119232260264
,508,-0.0246582099345878,508,-0.0252535294749808,508,-0.0321332153187742,508,-0.0297246341858383
,507,-0.0244407312481554,507,-0.0250680653930545,507,-0.032090662753898,507,-0.0291172610874998
,506,-0.0241522388598264,506,-0.0249530144114546,506,-0.0320104987446453,506,-0.0284663221517627
,505,-0.0239407290275814,505,-0.0248370039541448,505,-0.0320126629344359,505,-0.0278787920802347
,504,-0.0235100926156782,504,-0.0244291815281063,504,-0.0317864708180945,504,-0.0269778808149855
,503,-0.0233980130184957,503,-0.0241966046465134,503,-0.0317162609209865,503,-0.0263869194208468
,502,-0.0232871802850925,502,-0.0242186389487887,502,-0.0317715058494333,502,-0.0255460753103934
,501,-0.0227676705692806,501,-0.0238476281375988,501,-0.0314717129123709,501,-0.0244285942459993
,500,-0.0225565665214017,500,-0.0236907815111153,500,-0.0315124002303701,500,-0.0236788196312401
,499,-0.0221755234992838,499,-0.0234119448358466,499,-0.0313767449561365,499,-0.022612792335942
,498,-0.0220456791069233,498,-0.0232435066768599,498,-0.0313708208103213,498,-0.0217188052119918
,497,-0.0216350287902249,497,-0.022937422841158,497,-0.0311205843156766,497,-0.0207334965071879
,496,-0.0213269708754081,496,-0.0227316584465939,496,-0.0311171144867914,496,-0.0197469861765261
,495,-0.0209453403650756,495,-0.0225459987943332,495,-0.0308818243382194,495,-0.0184738256229078
,494,-0.0205282158469674,494,-0.0223462941431679,494,-0.0307832547909152,494,-0.0171466592562692
,493,-0.0201907088385934,493,-0.0220803211956667,493,-0.0306024054134188,493,-0.0158367902003482
,492,-0.0199925384139999,492,-0.0217947367179239,492,-0.0304994289653188,492,-0.0149689469688958
,491,-0.0197229922590756,491,-0.0215856714461504,491,-0.0304703266966833,491,-0.0138589830175606
,490,-0.0191707164341681,490,-0.0213223867902092,490,-0.0302003017374734,490,-0.0119526206707022
,489,-0.01863951101005,489,-0.0210744290710594,489,-0.0299486165427483,489,-0.0104018407576468
,488,-0.0183918524747605,488,-0.0208203092238357,488,-0.0298276011470186,488,-0.00913420276714851
,487,-0.0180120037514688,487,-0.0205819892087,487,-0.0297704164075835,487,-0.00780371941687283
,486,-0.0174144763026912,486,-0.0203815767727031,486,-0.0293819603412761,486,-0.00584340865432489
,485,-0.0169252857910476,485,-0.0202135897464781,485,-0.0292139828656438,485,-0.00409946255920074
,484,-0.0167354828349752,484,-0.0199860119331647,484,-0.0291607353025489,484,-0.00298066461222216
,483,-0.0162813324416287,483,-0.0197164122521649,483,-0.0289624033050393,483,-0.0013937913137222
,482,-0.0157641533620662,482,-0.0195220839480782,482,-0.0287213874600347,482,0.000661112852002463
,481,-0.0150885233073152,481,-0.0192679948608356,481,-0.0284070666169502,481,0.00262095186265788
,480,-0.0144869071267039,480,-0.0190267400406185,480,-0.0281162967084014,480,0.0047551487270599
,479,-0.0139972633923065,479,-0.0188892589823639,479,-0.0277176149356883,479,0.00681604725388149
,478,-0.0135542899640065,478,-0.0188230800880684,478,-0.0276022435538157,478,0.00882186037026488
,477,-0.0128673197447245,477,-0.0184826075425898,477,-0.0272523959353549,477,0.0110395811993782
,476,-0.012335992324297,476,-0.0184525398943099,476,-0.0270170939861701,476,0.0130859301120776
,475,-0.0117884452129084,475,-0.0183524978819707,475,-0.0266658980938105,475,0.0152256047042841
,474,-0.0111889979493253,474,-0.0182066116052969,474,-0.0263679181959082,474,0.0175424107197563
,473,-0.0104542544939649,473,-0.0179290988522409,473,-0.0258450096814134,473,0.0198266621559272
,472,-0.0098777600507378,472,-0.0177399329881823,472,-0.0255496875641328,472,0.022248307981337
,471,-0.00921185968407235,471,-0.0175908577611981,471,-0.0252525036797179,471,0.0246428459174237
,470,-0.00857270334304007,470,-0.0174485448387273,470,-0.0249194806493453,470,0.0269542192836347
,469,-0.00784607537544619,469,-0.0173781170045546,469,-0.0245202006546155,469,0.0294223383588783
,468,-0.00716375892834458,468,-0.0171518848355133,468,-0.0240811266222412,468,0.0319861992873529
,467,-0.00649291589852635,467,-0.017017492814612,467,-0.0237713685407909,467,0.0343846954045255
,466,-0.00570925182028742,466,-0.0168939150079487,466,-0.0232319250732139,466,0.0370234905790519
,465,-0.00506803742539124,465,-0.0168219030209382,465,-0.0229233284625952,465,0.0394701454613269
,464,-0.00425754710964024,464,-0.0166731599715278,464,-0.0223882879252781,464,0.0420660194175028
,463,-0.0035334143062917,463,-0.016610529188161,463,-0.0218769070278801,463,0.0447208567218917
,462,-0.00249907538445152,462,-0.0165405135239023,462,-0.0213611281802762,462,0.0476271224035949
,461,-0.00173271078366842,461,-0.0164184948449103,461,-0.0207746100932452,461,0.0503354050420927
,460,-0.00107831218448231,460,-0.0163896300210125,460,-0.0204532479289119,460,0.0526873506308724
,459,-0.000183544496459828,459,-0.0162956938947719,459,-0.0198735630665037,459,0.0552035174085943
,458,0.000828804808763462,458,-0.0163452572067532,458,-0.019302463046337,458,0.0580223011852926
,457,0.00189707467096712,457,-0.016327008194462,457,-0.0186113886334345,457,0.0609405684158202
,456,0.00294152509928269,456,-0.0163441602932491,456,-0.0180052487617379,456,0.0638482013814911
,455,0.00408059309167736,455,-0.0163580709456518,455,-0.017244790114256,455,0.0668767262805471
,454,0.00525692632084144,454,-0.0164188438034105,454,-0.0164664490847325,454,0.0698555214206162
,453,0.00641110223896284,453,-0.0164385844276935,453,-0.0158605006273453,453,0.0725594119874061
,452,0.00770587560964935,452,-0.0165046292357056,452,-0.0151182247457005,452,0.0755649157535639
,451,0.00921779640808561,451,-0.0164963056507853,451,-0.014199991658202,451,0.0788567055248176
,450,0.0107618786583849,450,-0.0166387814234547,450,-0.0133310772890323,450,0.082143923493546
,449,0.0125338635205974,449,-0.0165096133419304,449,-0.0123249716531378,449,0.0855890066366063
,448,0.0142410672812291,448,-0.016585713539467,448,-0.0113603098114905,448,0.0889438837369282
,447,0.0160440945181648,447,-0.0166318555605148,447,-0.0103955729250404,447,0.0921779106758136
,446,0.0180570862804724,446,-0.0165610958122414,446,-0.00925934927156752,446,0.095752570746041
,445,0.0204755057310891,445,-0.0165558631195423,445,-0.0080260802462108,445,0.0998576887574009
,444,0.0233109447628857,444,-0.0165204784952404,444,-0.0066503357188358,444,0.104391147099429
,443,0.026304651891674,443,-0.0164808542618373,443,-0.00515097816760394,443,0.109132347565074
,442,0.0292980088572221,442,-0.0165533215031969,442,-0.00366773148965484,442,0.113812021585596
,441,0.0324847575985081,441,-0.0165049282836921,441,-0.00220809338362029,441,0.118684243331869
,440,0.0362458459772554,440,-0.0164677949173611,440,-0.000500294582335701,440,0.124224836449838
,439,0.0406638511873464,439,-0.016353184817438,439,0.00153960159612257,439,0.130539838621473
,438,0.0456157276232544,438,-0.016350841450729,438,0.00362746821528254,438,0.13770438422627
,437,0.0509771545375395,437,-0.0162690151225904,437,0.00608357468206758,437,0.145377954471927
,436,0.0568616254737663,436,-0.0161877719075936,436,0.00853511743032389,436,0.153820209829885
,435,0.0635372422092587,435,-0.0161400861843359,435,0.0113636680847492,435,0.163269678804673
,434,0.0707374110342291,434,-0.0160646562324943,434,0.0143849197910122,434,0.173599029884118
,433,0.0788289566891364,433,-0.0159727955912344,433,0.0177715175840024,433,0.18496557388276
,432,0.088397286759332,432,-0.0158087852707987,432,0.0218582297977999,432,0.198683637450535
,431,0.0986336420551641,431,-0.0157732897972836,431,0.0263541588592582,431,0.213474385539543
,430,0.10968126553895,430,-0.0156271337061045,430,0.0313636243035929,430,0.229532869971656
,429,0.122265779579283,429,-0.0155724935515506,429,0.0373351249081056,429,0.248246433428885
,428,0.137086035580669,428,-0.0153335244353289,428,0.0447877179921618,428,0.270277512270577
,427,0.153129921015924,427,-0.0152757983996417,427,0.0533681499735952,427,0.294463385703578
,426,0.170327606395195,426,-0.0151327747090804,426,0.0633740582604059,426,0.321015708199449
,425,0.188452637388357,425,-0.0150607701276378,425,0.0744737678887968,425,0.349143604217533
,424,0.208292444049771,424,-0.0149578428528822,424,0.0877352502575327,424,0.380522989570625
,423,0.232510592342718,423,-0.014808109637943,423,0.105401111114717,423,0.419261721711047
,422,0.258284632394095,422,-0.0146141751839226,422,0.125908194662276,422,0.461384798911565
,421,0.285778239547627,421,-0.0145686193075298,421,0.149724071692719,421,0.507169672552003
,420,0.316303216793667,420,-0.0142567085584711,420,0.178300398299978,420,0.558336764158909
,419,0.349073106269584,419,-0.0140961584946869,419,0.211499227815916,419,0.614436391129726
,418,0.385772785296056,418,-0.0139752056604501,418,0.251635335337196,418,0.678582752959819
,417,0.427667339052593,417,-0.0137318947144076,417,0.300732409007528,417,0.752876423992448
,416,0.472785109783287,416,-0.0136081309397985,416,0.357143848025462,416,0.834046150320022
,415,0.52298780792931,415,-0.0133474946322556,415,0.423786377171251,415,0.926700990867344
,414,0.57559887764888,414,-0.0131981593090932,414,0.497038369804802,414,1.02458597291269
,413,0.632658391817241,413,-0.0130528420017536,413,0.579940848688579,413,1.13256687095883
,412,0.696422410153941,412,-0.0129044606905376,412,0.676187620259392,412,1.25594413083376
,411,0.765221637175838,411,-0.0127358182830941,411,0.7827371845172,411,1.38987492121534
,410,0.838073411248959,410,-0.012382336469545,410,0.898276652584307,410,1.53463586615006
,409,0.917882002387239,409,-0.0123136487545161,409,1.0269778522229,409,1.695740882725
,408,1.00383776644378,408,-0.0122146992213482,408,1.16738524866015,408,1.86942145111822
,407,1.09579048315635,407,-0.0119669748865732,407,1.32027427985854,407,2.06003127034451
,406,1.19426656559396,406,-0.0117648137490915,406,1.4853042105339,406,2.26411420274398
,405,1.29699113761158,405,-0.0115663897399384,405,1.65966948256165,405,2.47480747976574
,404,1.40902914779939,404,-0.0113155210079426,404,1.85113718693262,404,2.70697523745678
,403,1.52683932743035,403,-0.0112595789541014,403,2.05699444786956,403,2.95963565325968
,402,1.65005184051379,402,-0.0111109872973744,402,2.27885403556138,402,3.18580481569001
,401,1.78347381569465,401,-0.0108528871454726,401,2.53091829532766,401,3.481420287742
,400,1.92864928575026,400,-0.0107816844823569,400,2.81118842017705,400,3.7073488438752
,399,2.07198830810044,399,-0.0106255027267517,399,3.12225403101232,399,4.06903488179535
,398,2.22501056333552,398,-0.0104186219286656,398,3.44247261544501,398,3.96686438839102
,397,2.38620412821145,397,-0.0103571046485502,397,3.8498446469222,397,4.29118948191201
,396,2.55271892766241,396,-0.0101432175383001,396,4.29071479012808,396,4.36468988461639
,395,2.72054451492805,395,-0.00995563832712516,395,4.21480723659362,395,4.16700853247386
,394,2.88318606814532,394,-0.00982750369104146,394,4.86491462594537,394,4.3250878894745
,393,3.05772806932782,393,-0.00966145946794029,393,10,393,4.38700995753404
,392,3.22302424537711,392,-0.0094316771442688,392,4.54788523494208,392,4.2282435771027
,391,3.41635674952081,391,-0.00933247409491312,391,10,391,4.37490421677236
,390,3.52851453401042,390,-0.00907382150872722,390,10,390,4.20345239495121
,389,3.75654495083302,389,-0.00893188489023227,389,5.32072901826491,389,4.17074610318577
,388,3.86414446236424,388,-0.0086428480132855,388,4.50122684480059,388,4.2138488045975
,387,3.87205570821653,387,-0.00860051893829511,387,4.98662158589188,387,4.36489383539853
,386,4.03242467789047,386,-0.00844121501160807,386,10,386,4.26828999053231
,385,4.07094551048503,385,-0.00809854913821856,385,10,385,4.44935645979768
,384,4.18205124567758,384,-0.00796859456551978,384,10,384,4.08152801008741
,383,4.18842948946279,383,-0.0076789665269932,383,4.78794519826611,383,4.23025658867075
,382,4.34876325830745,382,-0.00753957521651088,382,5.361266607143,382,4.38078590812388
,381,4.58101908627068,381,-0.00720958896940251,381,4.77769219559115,381,4.35565387800895
,380,4.06126809446165,380,-0.00689224406335071,380,4.78449497013307,380,10
,379,4.08125447776382,379,-0.00667745899500029,379,4.47572660676651,379,4.88291862148944
,378,4.29975871050195,378,-0.00642119880611591,378,4.49282795255778,378,4.52101910851298
,377,4.53524952993433,377,-0.00601612691013789,377,10,377,4.52820100081257
,376,4.10436582958403,376,-0.00569305415127474,376,4.88701616663618,376,4.20874384991239
,375,4.06695142462561,375,-0.00542644672862396,375,4.5654162591069,375,10
,374,4.42218062463409,374,-0.0051116331770835,374,7.17550265724112,374,4.45558485402002
,373,4.50358561574333,373,-0.00479075404271865,373,4.45514651470186,373,4.97205004782113
,372,4.11881986606177,372,-0.00452835683763113,372,10,372,4.14709635430018
,371,10,371,-0.004135309673494,371,4.35898869910806,371,4.35802669904159
,370,4.31336282949765,370,-0.00374164983078881,370,5.80585356273172,370,4.55184944762645
,369,4.29311641508032,369,-0.00319995770184124,369,4.69778977526162,369,4.29636052391287
,368,4.14179346871795,368,-0.00289843971828354,368,4.66180089567517,368,10
,367,4.25786860725551,367,-0.00247513890602189,367,4.89954070156446,367,4.89039320786802
,366,4.22144495409615,366,-0.00197433242899785,366,10,366,4.09500916027096
,365,4.38856660385419,365,-0.00154672471592324,365,10,365,4.655357668236
,364,4.28943169289465,364,-0.000978267103259766,364,4.66122331205388,364,4.68177497501907
,363,4.67473816748072,363,-0.000458560725881965,363,4.49385426351869,363,4.25390306869799
,362,4.6333211205348,362,3.43520385243686E-05,362,4.56916751229403,362,4.910274758675
,361,4.34992788809441,361,0.000556853393805909,361,4.87037870122981,361,4.49981875595791
,360,4.28539806041689,360,0.00113578111799577,360,4.54684230296738,360,4.48272098897523
,359,4.41618465000509,359,0.00164765711769312,359,4.88518702986363,359,4.5312722212519
,358,4.25954906845979,358,0.00230540342467537,358,4.77223200705139,358,4.41686677374307
,357,4.38615148837286,357,0.00286931360034572,357,5.05542713280729,357,4.33582296786194
,356,5.12388566928861,356,0.00338996896505917,356,6.31959497309948,356,4.38121349881954
,355,4.21978320314259,355,0.00407385151709306,355,10,355,4.6763756211768
,354,4.53951051367727,354,0.00469051127953152,354,4.81205887296038,354,4.27200506070605
,353,4.30872616390244,353,0.005338262491489,353,4.16377581559713,353,5.827145012151
,352,4.73270768049029,352,0.00584441400486229,352,5.09291149379078,352,10
,351,4.94713037016661,351,0.00658589166245391,351,10,351,4.62929566672081
,350,5.53624837976029,350,0.00725016522818152,350,5.31288728417762,350,4.59877399488801
,349,10,349,0.00790736330096863,349,10,349,4.7618922364732
,348,4.96174791845222,348,0.00863898639955799,348,10,348,10
,347,4.61192084631225,347,0.00937554719443896,347,10,347,4.27167099654512
,346,4.73888045900846,346,0.0100706766056766,346,10,346,5.31982570291671
,345,4.35317756591955,345,0.0108484989723492,345,5.33399060546306,345,5.08787092312887
,344,10,344,0.0115491553174924,344,10,344,10
,343,4.5896309610715,343,0.0125653044956932,343,10,343,5.27278532984598
,342,4.63610906317258,342,0.0131355536930857,342,10,342,10
,341,4.49708190325005,341,0.0140823952093845,341,4.58663617562985,341,4.7641533364531
,340,4.35907472277344,340,0.0154633098671895,340,5.2643644169357,340,4.88251378498977
,339,4.59890369156109,339,0.0164226115611819,339,4.76284481650487,339,4.39124003363789
,338,4.75104803831031,338,0.017531144519287,338,10,338,10
,337,4.50001037454621,337,0.0186565925885283,337,4.68003051235064,337,4.46214361913233
,336,4.68762828421204,336,0.0199548951930568,336,5.42361497136327,336,4.61242084250572
,335,4.46029495884167,335,0.0213322079480889,335,5.50442113639436,335,4.72444698776141
,334,4.33780921703905,334,0.0225986773994196,334,10,334,4.6966095911572
,333,4.81303202653055,333,0.0240701550194018,333,4.90896470290495,333,4.7387174191714
,332,4.25578513442566,332,0.0254470148749861,332,4.93632830264058,332,10
,331,4.58636499353558,331,0.0270833071614865,331,5.49052068354641,331,4.60475639472467
,330,7.05012053701468,330,0.0287165231543926,330,4.87001463333386,330,4.75579065298263
,329,4.40796688303405,329,0.0303628720715867,329,4.76044795515406,329,4.6062502514676
,328,4.85982478644331,328,0.0320165726096932,328,10,328,4.66672343035791
,327,4.51846436128918,327,0.0337118417323646,327,4.95855934094714,327,4.49306980944231
,326,4.62928513621531,326,0.0354532439270343,326,10,326,4.74321074200196
,325,4.44581203757172,325,0.037264267747334,325,5.53051654104316,325,4.40379376183012
,324,4.83461193356662,324,0.0389278599351287,324,5.12494677908742,324,4.81488327171009
,323,10,323,0.0406256756471385,323,10,323,4.84157265343569
,322,4.93938046783848,322,0.0425648705383669,322,4.48931599484904,322,5.83725074526025
,321,4.26652855677491,321,0.0444768287080576,321,4.96780528372163,321,5.23393580972972
,320,4.44696391565994,320,0.0463574640920414,320,6.26558278045759,320,4.91310214821332
,319,4.78373518840862,319,0.0482475514773105,319,5.00328512144442,319,5.24358121710912
,318,5.35095659711791,318,0.0503958976275333,318,10,318,4.67390709718156
,317,4.71962252108891,317,0.0522204430429568,317,5.03859135555261,317,4.68485267206518
,316,4.4283336099935,316,0.0543266209787529,316,5.06779771482691,316,4.56490152842905
,315,4.46585728022863,315,0.0563275515093374,315,10,315,4.87973000169346
,314,4.57251854280892,314,0.0585319532308359,314,10,314,4.6470687313273
,313,4.25135075257426,313,0.0608533354299136,313,4.53154522795051,313,4.96508613409992
,312,4.47460024372366,312,0.0630077992589934,312,5.64858270642406,312,10
,311,4.42740936224968,311,0.0650988703651098,311,10,311,4.6808302819028
,310,4.27769992577363,310,0.0674793617507976,310,10,310,4.62103781241104
,309,4.2388435254387,309,0.069854852549745,309,4.91046347679431,309,4.54319446150931
,308,4.10988998702801,308,0.0724041184646995,308,4.66544300014873,308,4.56104455854057
,307,4.08414338447668,307,0.0753148156995178,307,5.7750615685206,307,4.77855659809646
,306,3.95458277039319,306,0.078384875206027,306,5.01854768433836,306,4.52925839426861
,305,3.91754036259652,305,0.0816996592234047,305,10,305,4.78611343238591
,304,3.83575249896083,304,0.0856762762680518,304,5.11636097147077,304,4.52154272388589
,303,3.77268075049905,303,0.0904217639711402,303,10,303,5.09411412081647
,302,3.67865305685678,302,0.0957360481347525,302,10,302,4.64033635054916
,301,3.65450859405383,301,0.102245484557039,301,4.98913543299723,301,4.94587945760358
,300,3.54383996984477,300,0.109964937930092,300,5.33013773518757,300,4.72561657427874
,299,3.51350691760897,299,0.119006372708175,299,5.40810143640257,299,4.73224129090963
,298,3.44525826904751,298,0.128033515294688,298,10,298,4.59321308392418
,297,3.42099755557769,297,0.138400648772467,297,5.06911099386905,297,4.51981327192427
,296,3.38902502139269,296,0.151774470871952,296,4.7726673456619,296,4.7930434590264
,295,3.34872533746042,295,0.165520802062717,295,5.11359431001809,295,4.69196722709039
,294,3.32880062011075,294,0.179624492297071,294,5.06996569251028,294,4.82144923672385
,293,3.3006250888912,293,0.196856452832278,293,5.03042956828376,293,4.74163182239635
,292,3.27593073820797,292,0.215918122084466,292,4.89780132952081,292,4.72676704251417
,291,3.23646332471648,291,0.236271577851887,291,10,291,4.73462242591037
,290,3.21604966757313,290,0.260319343305559,290,5.85219566409205,290,4.64492967256141
,289,3.17953284648756,289,0.289021723574289,289,6.22361867527593,289,4.71296839786487
,288,3.1678856618846,288,0.320243819470965,288,5.03067332399639,288,4.9617890079922
,287,3.15351282867727,287,0.35217249712149,287,5.2166354594962,287,4.605496151471
,286,3.14207885409103,286,0.386489233765185,286,5.15393401378084,286,4.55445283193022
,285,3.13013369466641,285,0.424833788019155,285,4.85090533921349,285,4.64534470265247
,284,3.13316061182686,284,0.46923669137726,284,5.0472379990513,284,4.60277523579615
,283,3.12721432407792,283,0.511473071338815,283,5.20926165148758,283,4.78312317894368
,282,3.12939366706304,282,0.550225075903869,282,4.95344651106656,282,4.77011078174112
,281,3.1281685614532,281,0.596355338153556,281,4.82007516272201,281,4.70966555896921
,280,3.13352191658676,280,0.648097439688001,280,4.86212009881463,280,4.78328008127738
,279,3.13658308018011,279,0.702625129653411,279,4.87937177582708,279,4.8109927467973
,278,3.1448260489334,278,0.757472211925584,278,5.01470075947651,278,4.66818194961195
,277,3.16263961263178,277,0.808715613258639,277,4.93731633269195,277,4.86582586123646
,276,3.17530587758699,276,0.859768277574727,276,5.03424358641786,276,5.02223529555777
,275,3.19294286390102,275,0.914076811750899,275,4.9190979942407,275,4.68675787741339
,274,3.2069608651329,274,0.965787547643395,274,5.36569942148489,274,4.67490420633002
,273,3.2263993716346,273,1.01485376759509,273,5.0208958182008,273,4.90058466866441
,272,3.24816986280797,272,1.0573873463751,272,5.07366097623626,272,4.64789479460762
,271,3.26052248304176,271,1.09882064002044,271,4.92643879982532,271,4.84183637639187
,270,3.28298898793816,270,1.1490739978373,270,4.77702036610266,270,4.54838115381755
,269,3.30663152883777,269,1.19384756066095,269,5.04669729127833,269,4.58786194370023
,268,3.32865409872289,268,1.23744478942984,268,10,268,4.72756571200048
,267,3.33979922304603,267,1.28307975306883,267,5.27918953261141,267,4.62700576712384
,266,3.36020258644664,266,1.32712101408733,266,4.9215683821797,266,4.70637153732866
,265,3.39535430085997,265,1.37281731206726,265,5.29962529216379,265,5.00011133300814
,264,3.41045981108637,264,1.41176925003087,264,5.98995302418859,264,4.86163353043038
,263,3.45222152221387,263,1.44341129367176,263,4.7700272699192,263,4.65852700811615
,262,3.47564278038921,262,1.47535079941581,262,4.91515606662355,262,4.68478821173998
,261,3.51016151777168,261,1.5001216004558,261,4.93246311456452,261,4.79376497731336
,260,3.54780825628906,260,1.51869169798479,260,4.93509487845449,260,4.76570147765943
,259,3.58741226163413,259,1.53618734331459,259,4.9758607768971,259,4.96860204435584
,258,3.62141719625883,258,1.55038892022895,258,5.33544068240473,258,4.7476791423028
,257,3.68057042900304,257,1.55657291857767,257,5.03691250967922,257,4.83314636399317
,256,3.75358503571072,256,1.55716547358889,256,4.68567704737078,256,4.80416603024601
,255,3.78844121515463,255,1.55267826313897,255,4.86341869008155,255,4.69819353041666
,254,3.84213757248408,254,1.54297145799549,254,5.02262472564702,254,4.65360443535962
,253,3.89932190253792,253,1.53029780278464,253,5.0230638614845,253,4.59796147329521
,252,3.9407033129511,252,1.51346719422921,252,4.6243526043162,252,4.60177440891188
,251,3.98198495337496,251,1.48283058396695,251,4.81100716342037,251,4.81629638612724
,250,4.05031838058803,250,1.44554315793465,250,4.64709845441518,250,4.80224005599057
,249,4.08279898964604,249,1.40871905775802,249,4.79899030815537,249,4.67388972322196
,248,4.08876333127008,248,1.37684036257979,248,4.76072070882849,248,4.64159140988331
,247,4.10462078396774,247,1.3459035364292,247,4.75005857407108,247,4.71061760397636
,246,4.12508325315949,246,1.30132820083196,246,4.80241299221013,246,4.62538292965524
,245,4.14391678876504,245,1.24148117417346,245,4.60770742184312,245,4.65168772078499
,244,4.1789316421715,244,1.18685628549205,244,4.77167983095054,244,4.61919830747669
,243,4.15820466146945,243,1.14795301380256,243,4.82651574352348,243,4.69361625729541
,242,4.15931156615165,242,1.10923636324,242,4.85573164688228,242,4.76397461120312
,241,4.15760765696394,241,1.06106105260636,241,4.77800400299657,241,4.73401920523029
,240,4.16127401610652,240,1.01153768465146,240,4.7501896169262,240,4.69878381813079
,239,4.12282336705437,239,0.965733091774302,239,4.76715019478541,239,4.72839146626342
,238,4.05946353935366,238,0.924487644305115,238,4.96336843666561,238,4.72224630742591
,237,4.04483927314515,237,0.891449045317227,237,4.79301648118856,237,4.88363076686858
,236,4.02218837789523,236,0.865058545589684,236,4.84056962195365,236,4.76991396144829
,235,3.96304812234203,235,0.843645357288943,235,4.95753935575847,235,4.74651721252641
,234,3.89171309848749,234,0.829304774295579,234,4.89939993660826,234,4.70028470812941
,233,3.81617429384655,233,0.82011702371792,233,5.13573723995939,233,4.95372113659031
,232,3.73442054207819,232,0.819034029036335,232,5.08295286936649,232,4.84433020886343
,231,3.64925257425605,231,0.826558019465654,231,4.90561326452763,231,4.79366613156124
,230,3.56851291671886,230,0.838974956197995,230,4.95165942842242,230,4.97772636736395
,229,3.50137415513407,229,0.853926002793451,229,4.95413057533768,229,4.84565754910708
,228,3.41883189783079,228,0.880733808700945,228,5.06144850985611,228,4.76878519016926
,227,3.31092854295557,227,0.924069884123441,227,5.18422779330159,227,5.3424857839457
,226,3.22078173904388,226,0.976921609432559,226,4.67481206262172,226,4.73795247788411
,225,3.1307825324119,225,1.04321112234638,225,10,225,4.75574347462408
,224,3.04005233267718,224,1.12091844049805,224,5.64226629053935,224,10
,223,2.96812597369899,223,1.20708319179066,223,5.77128097172702,223,4.84972203981058
,222,2.89427049040152,222,1.30220148412795,222,4.87619331430394,222,4.84000025555369
,221,2.83509638842459,221,1.41404503133105,221,5.46270333270386,221,10
,220,2.78732493095724,220,1.5364824958985,220,4.93512790895148,220,4.58499399563837
,219,2.75488870765358,219,1.66579329562729,219,10,219,4.49379101765321
,218,2.75418333713438,218,1.81238214120724,218,4.67999334343203,218,4.93315870737597
,217,2.76658968912926,217,1.96101434726768,217,10,217,4.88708654445215
,216,2.80993323161691,216,2.11083245220201,216,10,216,4.46487170122498
,215,2.91074575392487,215,2.27007438087602,215,10,215,5.81632557414249
,214,3.05720644474825,214,2.40692291897511,214,4.54822600143378,214,10
,213,3.28755490770405,213,2.5309499194286,213,5.12176701340223,213,10
,212,3.49018336344191,212,2.64133424121224,212,10,212,10
,211,3.76913543533439,211,2.73639787656083,211,4.54796532395696,211,5.01854446901124
,210,4.17547536684271,210,2.80968773036197,210,4.52590503962799,210,10
,209,4.73098248136505,209,2.85612169275459,209,4.13786097328854,209,10
,208,4.51166491529241,208,2.91696420135217,208,5.48007359696547,208,4.43948219419018
,207,10,207,2.92132684874728,207,5.33667667159276,207,4.56047447628445
,206,4.44290415033042,206,2.94593035824407,206,3.9737750103526,206,4.45050423704434
,205,4.72285984227424,205,2.96610515224945,205,10,205,10
,204,4.81326640567908,204,2.96418195173529,204,4.61409316053073,204,4.59445332905491
,203,3.97529087489366,203,2.95366018220346,203,10,203,10
,202,5.41931110208899,202,2.9884349138671,202,4.28779272704049,202,10
,201,4.33046858469586,201,2.97411017903169,201,4.6034282469305,201,3.81414982866007
,200,4.51693547991325,200,2.92135110374708,200,10,200,4.54731822786342

