CSV Report,LMM_UV01_02.csv
Worksheet Type,Scan

METHOD
X mode,nm
Y mode,Abs
Collect mode,Scan
Scan range start (nm),800.00
Scan range stop (nm),200.00
Data Interval (nm),1.00
Scan rate (nm/min),3000
Averaging Time (s),.02
Spectral Bandwidth (nm),2
Detector module,Multicell Peltier UV-Vis
Baseline,Off
Experiment Zones,1
Experimental temperature (°C),25°C


SAMPLES
Name,Sample 2,,Sample 3,
Collection Time,2025-03-03 16:28:57 (+00:00),,2025-03-03 16:28:57 (+00:00),
Cell Number,Cell 2,,Cell 3,
Module Serial Number,MY2052ZC03,,MY2052ZC03,
Temperatures (°C),25.0,,25.0,
Instrument Serial Number,MY2105ZA05,,MY2105ZA05,
Instrument Name,MY2105ZA05,,MY2105ZA05,
,Wavelength (nm),Abs,Wavelength (nm),Abs
,800,-0.022784815810307,800,-0.00343470371931691
,799,-0.0232591609807464,799,-0.00367117102488746
,798,-0.0225776520549017,798,-0.00286897072310627
,797,-0.0229008354406466,797,-0.00352802226770057
,796,-0.0224581538268357,796,-0.00296909544631507
,795,-0.0230614041961629,795,-0.00337357613517408
,794,-0.0228137499399379,794,-0.00322231259161369
,793,-0.0226925969020492,793,-0.00376823682416574
,792,-0.022999835305672,792,-0.00337367887782788
,791,-0.0227193261875073,791,-0.00318556773876281
,790,-0.0228863469603074,790,-0.00340316501498749
,789,-0.0229300564982715,789,-0.00311376497677205
,788,-0.0228312372059068,788,-0.00340881543987295
,787,-0.0227086150169685,787,-0.00319836455082935
,786,-0.0227985708151945,786,-0.00327416122813396
,785,-0.0231403900936769,785,-0.00364601558606843
,784,-0.0224504352049079,784,-0.00319939239086082
,783,-0.0227159359832049,783,-0.0030030307924546
,782,-0.0230821706810771,782,-0.00322688620887489
,781,-0.0230107356972615,781,-0.00344805818074435
,780,-0.0230127488027157,780,-0.00363970082875936
,779,-0.0231171719886883,779,-0.00390042905604625
,778,-0.0230577220916507,778,-0.00348765688100414
,777,-0.0230768196014469,777,-0.00308693226501797
,776,-0.0229069744814376,776,-0.00319132378121015
,775,-0.0230485903377455,775,-0.00315318857843527
,774,-0.0227459064374082,774,-0.00313936245545563
,773,-0.0227636912045264,773,-0.0035204733012027
,772,-0.0228953347863857,772,-0.00326110972619728
,771,-0.0226336294254216,771,-0.00331475197529814
,770,-0.0229087425090904,770,-0.00325890018114261
,769,-0.0233899676809707,769,-0.00403765908390627
,768,-0.0230384764507237,768,-0.00328664714044172
,767,-0.0230864416789729,767,-0.00322704037490972
,766,-0.0230595876951718,766,-0.00331680710209857
,765,-0.0226851772682447,765,-0.00306030352897125
,764,-0.0225720981558794,764,-0.00329687196177304
,763,-0.0227267943702897,763,-0.00333042207152278
,762,-0.0226152495918867,762,-0.00320283563724197
,761,-0.0227266961055606,761,-0.00298508652311461
,760,-0.0229502399799437,760,-0.00335970565377506
,759,-0.0226635072808758,759,-0.00342982410212886
,758,-0.0227502298732145,758,-0.00345822784132451
,757,-0.0231453967950599,757,-0.00366552401239279
,756,-0.0227851596907388,756,-0.00298565211312063
,755,-0.022863999373421,755,-0.00322662926536188
,754,-0.0228903743152114,754,-0.00305989226155748
,753,-0.0226208029391054,753,-0.00319851872698915
,752,-0.0227295949057242,752,-0.00314316596811916
,751,-0.02263249913725,751,-0.00278482136381267
,750,-0.022891160136204,750,-0.00317086892708234
,749,-0.0229444944127825,749,-0.0033269284597012
,748,-0.0230821215889031,748,-0.00333211749066051
,747,-0.0227417303505943,747,-0.00327724420281928
,746,-0.0228275531494308,746,-0.00311648927817157
,745,-0.0229285832147006,745,-0.00320874562335974
,744,-0.0225340544955675,744,-0.00302621842066267
,743,-0.0229624674724233,743,-0.00326326787563096
,742,-0.0227410916514235,742,-0.00305860704837923
,741,-0.0230238452653004,741,-0.00337383299176301
,740,-0.0228735770514679,740,-0.00337444944695663
,739,-0.0228102622268292,739,-0.00297418591728335
,738,-0.0229486685503232,738,-0.00323999012646833
,737,-0.0228333985044945,737,-0.00322904452838255
,736,-0.0229355567127771,736,-0.00330653137084433
,735,-0.023172736293291,735,-0.00350095835799309
,734,-0.0231928103407088,734,-0.00354481439605945
,733,-0.0232637737400903,733,-0.00344127827472297
,732,-0.0231587968000858,732,-0.00324214838085441
,731,-0.0228655219927693,731,-0.00321804726469579
,730,-0.0231655211889331,730,-0.00342098928730437
,729,-0.02331402020015,729,-0.00358476370018961
,728,-0.0231881477473874,728,-0.00328423219774891
,727,-0.0233199571419654,727,-0.0036891896374492
,726,-0.0233009193885079,726,-0.00352437618461878
,725,-0.0232913020617548,725,-0.00337886735023794
,724,-0.0233418397142259,724,-0.00369632500672402
,723,-0.0233569017410171,723,-0.00364632362066164
,722,-0.0232368325700943,722,-0.00352370858862635
,721,-0.0232062088829087,721,-0.00347435499660796
,720,-0.0227519985390938,720,-0.00294528770415647
,719,-0.0229864794979631,719,-0.00322272370524778
,718,-0.0227730745864928,718,-0.0029786078941409
,717,-0.0225971638627226,717,-0.00280606598633906
,716,-0.0228092797673762,716,-0.00284829494649525
,715,-0.0225003825846421,715,-0.00269124006282842
,714,-0.0225222081793218,714,-0.00286963932631777
,713,-0.0224400123894559,713,-0.00280719763199346
,712,-0.0224953684417381,712,-0.00261781169788052
,711,-0.0224763928278416,711,-0.00263597698313276
,710,-0.0223253940848986,710,-0.00268172131856971
,709,-0.0223043946604564,709,-0.0023914795597825
,708,-0.0221698660644964,708,-0.00242535710130107
,707,-0.0223999412176436,707,-0.00247138101647362
,706,-0.022190970380686,706,-0.00246556394524008
,705,-0.0220018804656776,705,-0.00219923367998926
,704,-0.0221972178486507,704,-0.00223771026690116
,703,-0.02213931464308,703,-0.00221231713219424
,702,-0.0221769009505105,702,-0.00228576258220694
,701,-0.0221422173664981,701,-0.00232253214579349
,700,-0.022143398129795,700,-0.00230888554220766
,699,-0.0221766057827583,699,-0.00227314485767705
,698,-0.0222185667852842,698,-0.00253912099409914
,697,-0.022163618203052,697,-0.00230600167675498
,696,-0.0220882924215997,696,-0.00224018254147289
,695,-0.0219532538786983,695,-0.0023224806499822
,694,-0.0219767311596675,694,-0.00228359956975114
,693,-0.0221260799463584,693,-0.00224239727549239
,692,-0.021976042117088,692,-0.00218563471349692
,691,-0.0219922835442227,691,-0.00236830950662203
,690,-0.0219820958109331,690,-0.00222225823196189
,689,-0.0220412502315887,689,-0.00234848525766084
,688,-0.0220866194603866,688,-0.00227917051063262
,687,-0.0219642790072733,687,-0.00225048353403638
,686,-0.0218882786860934,686,-0.00228050953326928
,685,-0.0220239771862186,685,-0.0022132442910171
,684,-0.0219222442039301,684,-0.00213921988238886
,683,-0.0218631720306949,683,-0.00217399283569621
,682,-0.0219695945942621,682,-0.00213386202426414
,681,-0.0218852758096103,681,-0.00212108532660033
,680,-0.0218210289698628,680,-0.00213545908504315
,679,-0.0218465319181499,679,-0.00213607730054218
,678,-0.0217748933839395,678,-0.0021982549807119
,677,-0.0216921620237965,677,-0.00195995333670034
,676,-0.0216114345121953,676,-0.00204328361107537
,675,-0.0217826240213618,675,-0.00205204344089136
,674,-0.0218256570292335,674,-0.00192423546679478
,673,-0.0217199378806293,673,-0.00197562085488781
,672,-0.0217431815586007,672,-0.00199757504456922
,671,-0.0216255715299921,671,-0.00191655548334811
,670,-0.0216411364946754,670,-0.00192031817677139
,669,-0.0217075276109476,669,-0.00198103220188556
,668,-0.0216600501313473,668,-0.00182376642778619
,667,-0.0216104000781908,667,-0.00189547348842029
,666,-0.0217244192797517,666,-0.00186609100604141
,665,-0.0216758108660544,665,-0.00193572941647856
,664,-0.0216471948585865,664,-0.00191284430173719
,663,-0.0215339929262459,663,-0.00181185706351628
,662,-0.0216201532151896,662,-0.00186511155572538
,661,-0.0216180843862501,661,-0.00177267243458942
,660,-0.021507732561302,660,-0.0017023890389467
,659,-0.021319577165687,659,-0.0016255438447523
,658,-0.0215531082908441,658,-0.00174503483331444
,657,-0.0216000556026299,657,-0.00170140921936891
,656,-0.0214149463608904,656,-0.00158391798518963
,655,-0.0215044314274684,655,-0.00168944492833391
,654,-0.0215198036579536,654,-0.00164158446790311
,653,-0.021458163642815,653,-0.00159980540113282
,652,-0.0214029709140848,652,-0.00152180705476288
,651,-0.0214302232005364,651,-0.00160465404219261
,650,-0.021367436883507,650,-0.0016678877444436
,649,-0.0215032981966356,649,-0.00153841898771896
,648,-0.0214596911989453,648,-0.00144410429808457
,647,-0.0214214514034657,647,-0.00151680271439447
,646,-0.0215206905008037,646,-0.00150147978787047
,645,-0.0213155845100981,645,-0.00140127412652337
,644,-0.0213791175999098,644,-0.00152201341807616
,643,-0.0215200992724382,643,-0.00164880513382364
,642,-0.0212900503631575,642,-0.00130280031608477
,641,-0.0213588116803055,641,-0.00138310872996873
,640,-0.0215262578617716,640,-0.00143063647049809
,639,-0.0214458444453773,639,-0.00147759145366342
,638,-0.0212891137539348,638,-0.00134734338490577
,637,-0.0213271187483186,637,-0.00139348167731119
,636,-0.0213425465453239,636,-0.00128896677636207
,635,-0.0213014373979346,635,-0.00131291710348687
,634,-0.0214093775727925,634,-0.0014164457788363
,633,-0.0212073744956609,633,-0.00115742289921151
,632,-0.0212614582239112,632,-0.00126171134910528
,631,-0.0210972141514353,631,-0.00110826441132606
,630,-0.0212332586152587,630,-0.00112179387787424
,629,-0.0211469229051064,629,-0.0012175725123341
,628,-0.0212682613518392,628,-0.00121855342411162
,627,-0.0211885890542266,627,-0.00125009630066639
,626,-0.0211510650444351,626,-0.0013207626131041
,625,-0.0210739358742839,625,-0.00108657507407922
,624,-0.0212405058923021,624,-0.0013005807852846
,623,-0.0211906599301406,623,-0.00113971202642666
,622,-0.0211875536125665,622,-0.00112432415117014
,621,-0.02100651060309,621,-0.00116924695740336
,620,-0.0210299404685654,620,-0.00103069421978996
,619,-0.0211146227254363,619,-0.00114239710315224
,618,-0.0210008379192795,618,-0.00113790475389878
,617,-0.0210011832151945,617,-0.00112757733803217
,616,-0.0211278389671888,616,-0.00104613706021149
,615,-0.0210752181847353,615,-0.00122500673583505
,614,-0.0210829612866181,614,-0.00124839273410699
,613,-0.0210563283824768,613,-0.00111120788076173
,612,-0.0209649749771572,612,-0.00105243799455405
,611,-0.0209825861729969,611,-0.000939523788147813
,610,-0.0210680667896652,610,-0.00108321829414081
,609,-0.02090557508964,609,-0.00105295446052847
,608,-0.0208440945574548,608,-0.00101426945915391
,607,-0.020923336704795,607,-0.00105305775364965
,606,-0.020992698721779,606,-0.00101783337508006
,605,-0.0209830794735225,605,-0.00101266827001339
,604,-0.0207964238850258,604,-0.000933169554561162
,603,-0.0208482395860411,603,-0.00102511606885456
,602,-0.0207819143808343,602,-0.00106204416114988
,601,-0.0208645232439285,601,-0.00103766680770754
,600,-0.0207944991827646,600,-0.00103095246578318
,599,-0.0209125811468167,599,-0.000922785606890501
,598,-0.0208097978626118,598,-0.00084544063291271
,597,-0.0207846287807237,597,-0.000928985008500667
,596,-0.0207741659096321,596,-0.000853914635288714
,595,-0.0207244638293553,595,-0.000927073535773833
,594,-0.0207506235280123,594,-0.000911988104465107
,593,-0.0207818156750641,593,-0.000915966162906862
,592,-0.0207275241019038,592,-0.000765032724300155
,591,-0.0206135390736773,591,-0.00077092429758016
,590,-0.020651504495443,590,-0.00093957544820248
,589,-0.020574385299108,589,-0.000871740502970224
,588,-0.020547178012716,588,-0.000779554791334914
,587,-0.0205645592707055,587,-0.000776764111518228
,586,-0.0205284627554873,586,-0.000763223891906259
,585,-0.0205938391920062,585,-0.000772474698317507
,584,-0.0205627322961904,584,-0.000702235990711258
,583,-0.020408102900451,583,-0.000628263746563906
,582,-0.0205545848838474,582,-0.000726270381076333
,581,-0.0205199196391014,581,-0.000866676997564423
,580,-0.0204073125736932,580,-0.000758365847617631
,579,-0.0204581375354457,579,-0.00050975783584636
,578,-0.0203208619020373,578,-0.000475678815078453
,577,-0.0202839051645351,577,-0.000541765891838348
,576,-0.0202199645579303,576,-0.000522116637853519
,575,-0.0202275746754291,575,-0.000529717902066999
,574,-0.0201943659112891,574,-0.000433683991733806
,573,-0.0201815166009702,573,-0.000471903584518089
,572,-0.0200684757083442,572,-0.000498743209628215
,571,-0.020083602255253,571,-0.000533337504932357
,570,-0.0200459826464417,570,-0.000395512759994019
,569,-0.0200683768402915,569,-0.000419305520523753
,568,-0.0198847400265535,568,-0.000391323030230284
,567,-0.0200025257175167,567,-0.000442579785910942
,566,-0.0199538230816144,566,-0.000399650725025546
,565,-0.0200499869910491,565,-0.000442372909046086
,564,-0.019997729862809,564,-0.000469059211048856
,563,-0.0199581249556509,563,-0.000387081534236553
,562,-0.0200500364271715,562,-0.000512395099264525
,561,-0.0199801775718145,561,-0.000481315742092512
,560,-0.0197516363906763,560,-0.000251176559865868
,559,-0.0197767170063698,559,-0.000364425036961909
,558,-0.0198607042610626,558,-0.000397478298299999
,557,-0.0196458069568162,557,-0.000326713314411627
,556,-0.0196607503104913,556,-0.000261783540893008
,555,-0.0197731553503686,555,-0.000367735649112529
,554,-0.019699293872403,554,-0.000392616161012945
,553,-0.0195620255878794,553,-0.000202950335788556
,552,-0.0196126031616505,552,-0.000407254132989206
,551,-0.0196633727665446,551,-0.000239379223013236
,550,-0.0196075060801119,550,-0.000247554604572118
,549,-0.0194689217181697,549,-6.61594954762598E-05
,548,-0.0195293598363909,548,-0.000163620265925396
,547,-0.0194420906358745,547,-0.000287290976149195
,546,-0.0193800064631341,546,-0.000177023939816575
,545,-0.0193981771516384,545,-6.42959856631685E-05
,544,-0.0194262981353614,544,-0.000238654814693164
,543,-0.019586820222564,543,-0.000223183234229925
,542,-0.0193372751178377,542,-0.000201604892237481
,541,-0.0193871857088415,541,-0.000410098911272834
,540,-0.0192269860423226,540,-0.000268302825077765
,539,-0.0191074044092215,539,-0.000145454781244773
,538,-0.0192773550266061,538,-0.00013520724954912
,537,-0.0192549200058596,537,-0.000205382473168633
,536,-0.0190790150347654,536,-0.000145765308733672
,535,-0.0191614530445082,535,-0.000152959133406947
,534,-0.0190277806469055,534,-4.76793362975453E-05
,533,-0.0190011700742073,533,-0.000260955688279707
,532,-0.0190511688542235,532,-0.000201915379580764
,531,-0.0189718321341725,531,-6.61594954762598E-05
,530,-0.0188800887262411,530,-9.2670777869427E-06
,529,-0.0190364027173658,529,-0.000193635641127614
,528,-0.0188367628437284,528,-0.0002482789980474
,527,-0.018789168792028,527,-0.000170141023814834
,526,-0.0187701297108274,526,-9.78896992260686E-05
,525,-0.0186263180230916,525,-0.000187425733696009
,524,-0.0185467052162869,524,-0.00010363505103708
,523,-0.01863951101005,523,-0.000123510276442227
,522,-0.0185851493594716,522,-1.30463320744048E-05
,521,-0.0184227182728044,521,-3.83095434052632E-05
,520,-0.0184069382835654,520,-6.3312463371396E-05
,519,-0.0183531430679824,519,-5.75148130203572E-05
,518,-0.018004801736652,518,-2.01905859480518E-05
,517,-0.0180657419122887,517,-0.00015052670242697
,516,-0.0179421143294413,516,1.16229553067485E-05
,515,-0.0178904972233087,515,2.84745744886252E-07
,514,-0.0178898513496256,514,-8.30342480692748E-05
,513,-0.0176596107142318,513,4.82800144372693E-05
,512,-0.0175652031119013,512,-3.04926001877003E-05
,511,-0.0175017063098309,511,-9.00220671351598E-05
,510,-0.0173379242518473,510,-2.16918997171286E-05
,509,-0.0172179207856103,509,2.969222065363E-05
,508,-0.017095843440544,508,-6.26435915440032E-06
,507,-0.0170542307639508,507,9.34493510329182E-06
,506,-0.0168607989450152,506,4.7684571382982E-05
,505,-0.0165216746422977,505,0.000143250685523674
,504,-0.0165551155868671,504,0.000103064268231208
,503,-0.0162485187283515,503,6.85255640487048E-05
,502,-0.0161630318511809,502,0.000134187702241103
,501,-0.0159402579939315,501,0.000156198132588436
,500,-0.0157544675323292,500,0.000242360276115058
,499,-0.0155330324922693,499,0.000234072221391514
,498,-0.0152721496564543,498,8.38009640063623E-05
,497,-0.0151698224149739,497,0.000102624102547549
,496,-0.0148768042208364,496,7.05449928844763E-05
,495,-0.0145092893815251,495,0.000205583239565174
,494,-0.0142887212768566,494,0.00030784146945067
,493,-0.0139365517968139,493,0.000426369922987511
,492,-0.0136887544763311,492,0.00021912822242948
,491,-0.0132781560010963,491,0.000169456718398972
,490,-0.0129271759147279,490,0.000341466583166956
,489,-0.0126088534470815,489,0.000360404522799521
,488,-0.0121507173036364,488,0.000328694950606867
,487,-0.0117191595611992,487,0.0003077378521686
,486,-0.0112921664550049,486,0.000451401051342525
,485,-0.0108890899802284,485,0.000484233921381784
,484,-0.0103824809506182,484,0.000291185308775355
,483,-0.0097858973496859,483,0.000260257833837632
,482,-0.00934169617127226,482,0.000332917578634814
,481,-0.00874180277470662,481,0.000338875957961728
,480,-0.0081427563384559,480,0.000435490829602813
,479,-0.00753413092544522,479,0.00042833919342882
,478,-0.00688837132910762,478,0.000481331468215516
,477,-0.00616539982514142,477,0.000547263402845067
,476,-0.005501702211375,476,0.000516136269760921
,475,-0.00477866973704959,475,0.000541379918608288
,474,-0.00394091001058078,474,0.00059016081814543
,473,-0.00319610329419741,473,0.00068846501424472
,472,-0.00236249105464452,472,0.000636017786249868
,471,-0.00156240714848642,471,0.000579455507474011
,470,-0.000715623051811622,470,0.000678301734826871
,469,0.000329109439884395,469,0.000724842170022895
,468,0.00127122892983464,468,0.000726112703090808
,467,0.002284402769058,467,0.00076760153951404
,466,0.00338923847880103,466,0.000815318601785103
,465,0.00446218521234997,465,0.000904724407121907
,464,0.00568489807039758,464,0.000879511507303279
,463,0.00684852333803926,463,0.000959097946598596
,462,0.00824481741426228,462,0.00101516481680017
,461,0.00951488627760239,461,0.000971784355803646
,460,0.0108642909956477,460,0.00091663100752673
,459,0.0123868938313428,459,0.000964987092515415
,458,0.0139586108116641,458,0.00102097688236094
,457,0.0157699657325962,457,0.0010716800745878
,456,0.017688223876452,456,0.00113694903853001
,455,0.0196607904166904,455,0.00110912742978257
,454,0.0218872223701192,454,0.00121346765383206
,453,0.0241550102784378,453,0.00122984771172078
,452,0.0264917903744428,452,0.00125484731114723
,451,0.0293252591484325,451,0.00131515860254498
,450,0.0323454928802794,450,0.00132274029591826
,449,0.0355322620847349,449,0.00140910824041864
,448,0.0388744924244312,448,0.00138742375319392
,447,0.0424082080375302,447,0.00145255838135278
,446,0.0462404287416394,446,0.00141121182313697
,445,0.0506966833529816,445,0.00151754692023551
,444,0.0556908596872022,444,0.0015481484088548
,443,0.0609986242474409,443,0.0016107089254467
,442,0.0663591229260256,442,0.0016670938560558
,441,0.0718919548799565,441,0.00162970229410446
,440,0.0782363806423566,440,0.00169349595280353
,439,0.0852298976315368,439,0.00176985278113838
,438,0.0929329991191564,438,0.00181658832738534
,437,0.100894411386189,437,0.00187580777237484
,436,0.109228939855938,436,0.00196857860478458
,435,0.118320573738481,435,0.00199445292876683
,434,0.128107528736129,434,0.00208131871748316
,433,0.138346075508143,433,0.00202966528920532
,432,0.150272506462789,432,0.00218740176706873
,431,0.162622561380547,431,0.00220972464921346
,430,0.175660807592433,430,0.00223696636405057
,429,0.190486453938172,429,0.0023698430013201
,428,0.207757385820046,428,0.00244931255919336
,427,0.226718245572582,427,0.00244530359253559
,426,0.247620935102055,426,0.00255134540665918
,425,0.269986525194645,425,0.00260780051769213
,424,0.295595368359867,424,0.00254340374045536
,423,0.328331566786025,423,0.00275686373523069
,422,0.365158232790463,422,0.00280842135411415
,421,0.406386003149409,421,0.00285464344243267
,420,0.454852455665187,420,0.00282843121464672
,419,0.509851752048,419,0.00293128289650797
,418,0.575363030930532,418,0.00301103772795699
,417,0.654611000377156,417,0.00311906893146284
,416,0.744336631647225,416,0.00328768675945928
,415,0.84746442786435,415,0.00332162164322809
,414,0.961266902711403,414,0.00352447764375445
,413,1.08688178594195,413,0.00359403144705398
,412,1.2314197620237,412,0.00369220869814671
,411,1.39049229910654,411,0.00386413107417135
,410,1.55961417446762,410,0.00393590738993549
,409,1.74692162455615,409,0.00408114182909806
,408,1.94896950101458,408,0.00425826345926023
,407,2.16548240399075,407,0.00429917609666234
,406,2.39953895961482,406,0.00459791592672295
,405,2.64739324089847,405,0.00470134457739718
,404,2.9070567598206,404,0.00475064734619643
,403,3.17881371041997,403,0.00487000206154667
,402,3.48792370267433,402,0.00502495037379195
,401,3.8791272696209,401,0.0051401894214196
,400,4.19000891494005,400,0.0052528389513748
,399,4.91168765128543,399,0.00533912729421544
,398,4.86707850056395,398,0.00540677068483684
,397,10,397,0.00564624113083313
,396,10,396,0.00583496890383571
,395,10,395,0.00584583078773335
,394,5.03779112852122,394,0.00589431903178827
,393,5.27519923425111,393,0.00613762912096678
,392,10,392,0.00618874944004684
,391,6.15922326926857,391,0.00636436876145371
,390,10,390,0.00657472216451514
,389,10,389,0.00666561079719601
,388,5.11594158678766,388,0.00690638148873253
,387,4.63435108309302,387,0.00710428833051327
,386,4.34375541304018,386,0.0072059732766509
,385,10,385,0.00734356480117204
,384,10,384,0.00749457869547221
,383,4.55118754854838,383,0.00776311021978444
,382,4.93780528743756,382,0.00794477202355168
,381,10,381,0.00814449790536081
,380,5.69454246359582,380,0.00852157457850907
,379,4.78535452714723,379,0.00855301681808087
,378,10,378,0.00871401246092987
,377,10,377,0.00884035278231703
,376,4.67920734038395,376,0.0091273502628709
,375,10,375,0.00916047553075892
,374,5.18363501456776,374,0.00956966060255776
,373,4.85140031095875,373,0.00971435625942201
,372,5.25662093752552,372,0.0100080775886429
,371,4.3836006993973,371,0.0100451113804808
,370,4.67992309794785,370,0.0102821971577875
,369,5.02003253230052,369,0.0107567573486526
,368,5.63489341907221,368,0.0107645852817034
,367,4.38055473779731,367,0.0110638773369849
,366,4.46256327507741,366,0.0112438704017306
,365,4.96330545401864,365,0.0114423821774816
,364,4.95937674804832,364,0.0117105210777895
,363,4.61381652564189,363,0.012119721295359
,362,10,362,0.012081498762282
,361,10,361,0.0123036943279623
,360,10,360,0.012602956726106
,359,5.95515987186836,359,0.0129283728101033
,358,5.05033831235951,358,0.0131272026614081
,357,10,357,0.0133330370162407
,356,5.40077648160312,356,0.0135777473284366
,355,4.40649629854681,355,0.0136999805600023
,354,10,354,0.0140656568543804
,353,10,353,0.0142951836220543
,352,10,352,0.0144829444330912
,351,4.47454864570328,351,0.0145710597166692
,350,10,350,0.0149955858077198
,349,4.54368670731754,349,0.0152496535639167
,348,10,348,0.0154883644472936
,347,4.94425739902076,347,0.0157384797935655
,346,5.43816482652632,346,0.0159005238647291
,345,5.40754047486647,345,0.0161227481730934
,344,10,344,0.0162656129786037
,343,10,343,0.0165210434844368
,342,4.60425357967103,342,0.016782462842634
,341,10,341,0.0170054889607528
,340,5.23137076455525,340,0.0171925133271571
,339,10,339,0.0174779170220807
,338,5.17145236569688,338,0.0176224414976921
,337,4.94178837263218,337,0.0178953146966311
,336,5.50559285497518,336,0.0181391822353657
,335,4.93432228724535,335,0.018336254265283
,334,5.15370346482113,334,0.018523771672837
,333,4.77445527834274,333,0.0185857190916408
,332,4.94747725155805,332,0.0188954806486174
,331,4.84415666489931,331,0.0191524901172253
,330,10,330,0.0192704576175895
,329,4.73196095585948,329,0.0195325900233713
,328,5.57940869229401,328,0.0198116788130792
,327,10,327,0.0200029245799259
,326,5.07011017044833,326,0.0202717378191569
,325,5.32398965335041,325,0.020461693914662
,324,10,324,0.0206470096410573
,323,10,323,0.0209854121009075
,322,5.03110603908084,322,0.0213863178509639
,321,4.78665078274132,321,0.0218182967192607
,320,10,320,0.0222695881172423
,319,10,319,0.0225820711299001
,318,10,318,0.0230549573350807
,317,4.93515488628801,317,0.0236689521159112
,316,5.50487071161183,316,0.0242098288587397
,315,10,315,0.0248069043455045
,314,4.94877869574634,314,0.0254928280797868
,313,4.9122472496221,313,0.0267267698015444
,312,10,312,0.0278732975472044
,311,4.81653605502938,311,0.0294868574887084
,310,5.6680741793391,310,0.0319287744341472
,309,5.77605183515016,309,0.0354984676328129
,308,5.23170718025032,308,0.0413113564726943
,307,10,307,0.0504454084015804
,306,10,306,0.0634274375589826
,305,5.290300703923,305,0.0838232358421211
,304,4.85412965196111,304,0.118744260741588
,303,5.46305939619158,303,0.176876144458089
,302,10,302,0.253431751640974
,301,5.44910718715485,301,0.352361096816465
,300,5.89558859848103,300,0.459544989097362
,299,5.58548024940188,299,0.582027752268524
,298,5.37651710255598,298,0.726845924064
,297,5.43137280663707,297,0.921993443654421
,296,5.38840535346349,296,1.19978954016497
,295,5.13514541562898,295,1.53282136029853
,294,5.43402364555931,294,1.89697936523501
,293,10,293,2.37106535720482
,292,5.26495743588593,292,2.89428055748558
,291,5.16580778572449,291,3.1964992758733
,290,10,290,3.28447693501992
,289,10,289,3.29009491883399
,288,5.74157517198253,288,3.29779317589455
,287,5.19448886864452,287,3.29107090083158
,286,5.32919345802282,286,3.28741293760849
,285,5.0181151893286,285,3.29032235650007
,284,6.4928690759291,284,3.29265597278691
,283,5.11495937907438,283,3.29299869646578
,282,5.11784152267154,282,3.28544962671985
,281,4.9543632456865,281,3.28082265689089
,280,4.7555189524737,280,3.28641247594089
,279,5.67704456648924,279,3.27940261470897
,278,4.80787672158545,278,3.27557947445828
,277,5.13224832577122,277,3.27499244338219
,276,5.20085013737822,276,3.28284840540362
,275,5.1485270785007,275,3.28591642843143
,274,10,274,3.29294063072329
,273,5.00595269054847,273,3.2912295433921
,272,5.29821333334912,272,3.28008938679348
,271,4.96391755296353,271,3.28921927234494
,270,6.1173842616225,270,3.30025928777694
,269,4.94052073178153,269,3.30629435868869
,268,10,268,3.29967116845344
,267,5.14977561241641,267,3.31302266864413
,266,10,266,3.31882542644312
,265,4.93914064691077,265,3.32735707153594
,264,5.25763152629553,264,3.33250908477867
,263,4.94361131572719,263,3.34634404095106
,262,5.1494417375569,262,3.35186794777379
,261,4.85585236879013,261,3.35410095665026
,260,5.19065507132869,260,3.35963892135675
,259,5.12340542610722,259,3.36928900315965
,258,5.15394758260847,258,3.36285553525211
,257,5.22526910842211,257,3.38047440740164
,256,4.64520222034483,256,3.37255473764256
,255,4.8111416393727,255,3.39918741359251
,254,4.93899372199983,254,3.39676583807682
,253,5.24892394101177,253,3.40834302958008
,252,5.04153214552005,252,3.4064851398118
,251,4.96004064573754,251,3.40835296579179
,250,4.9745477250368,250,3.42119059992554
,249,4.91228465498503,249,3.42658503591577
,248,4.87069374256061,248,3.43204267207645
,247,4.816496213203,247,3.43043190368334
,246,4.93340944391974,246,3.4404288561691
,245,4.98414105653619,245,3.45156458508829
,244,4.79605058823033,244,3.45408758146967
,243,4.77717815263944,243,3.46120233544736
,242,4.79511584522737,242,3.46096892676599
,241,4.76205535366014,241,3.47005552983398
,240,4.64175919861903,240,3.47610103724562
,239,4.77751973907199,239,3.47615207281537
,238,4.83964531949488,238,3.48672752986521
,237,4.76123974145194,237,3.48109030060399
,236,5.11797151122337,236,3.50609816566727
,235,4.84447524535255,235,3.49490809984847
,234,5.06153265169052,234,3.50805539454013
,233,5.03054045339004,233,3.51010648888196
,232,5.09849790366012,232,3.52579998255289
,231,4.82632896835323,231,3.52458682863604
,230,5.06748270265163,230,3.54040754706296
,229,5.15149178654828,229,3.5368283670283
,228,4.99744905826411,228,3.54046554365349
,227,5.20193800606747,227,3.54914614432163
,226,4.92209292980309,226,3.56262492795347
,225,5.41575823850154,225,3.5768457452832
,224,5.57192790939096,224,3.56994088836369
,223,4.85548874616105,223,3.5907177771123
,222,10,222,3.5879511749586
,221,5.20225315640915,221,3.58148921399783
,220,10,220,3.58821647507
,219,4.65499849482356,219,3.57258961189522
,218,10,218,3.59788761245911
,217,4.59817294036098,217,3.59642877298991
,216,5.00694386797953,216,3.58629489482601
,215,4.8237502587721,215,3.59105436990394
,214,10,214,3.62198076397299
,213,6.1991952604576,213,3.60062496510928
,212,5.21695661226231,212,3.50610217867346
,211,4.51912989965719,211,3.58765757062982
,210,10,210,3.62754769919397
,209,4.16628149852398,209,3.61088560708015
,208,4.34726998467584,208,3.56428476589426
,207,10,207,3.56210043099252
,206,4.13984705645204,206,3.52119531680077
,205,4.3659529319132,205,3.56533857795002
,204,4.76761488450123,204,3.58066736559614
,203,10,203,3.46286588046708
,202,5.38737013651837,202,3.58658372473798
,201,10,201,3.5577760433591
,200,10,200,3.4609407960977

